week,linear_tv_spend,meta_social_spend,youtube_spend,ctv_spend,search_brand_spend,amazon_retail_spend,revenue,baseline_true,category_demand,holiday_count,linear_tv_contribution_true,meta_social_contribution_true,youtube_contribution_true,ctv_contribution_true,search_brand_contribution_true,amazon_retail_contribution_true
2021-01-04,0.0,60237.26637799712,126972.21340081107,30989.69880588337,23788.665689570462,23297.816853454297,3165277.9605058036,2309589.8118664576,0.07670327056249339,0,0.0,200844.09479421962,302969.9541026989,32773.62472537226,0.0,123735.9763357699
2021-01-11,0.0,0.0,25133.666460267745,24671.22144269909,18408.25157612743,11953.664480051391,1922494.4575498921,2248586.5100376485,-0.7626985354048728,0,0.0,44495.78038466479,165699.93753468804,34250.35381848737,0.0,64643.71598325596
2021-01-18,0.0,81644.98006256118,0.0,17338.421004129803,14806.144593266008,33299.28606508733,3668991.4050333803,2418387.698363623,0.2130601181894954,1,0.0,324354.7788796208,173459.0171737675,58601.44764918724,0.0,191972.6199359663
2021-01-25,95372.57831459318,68797.54694709308,60813.36475424181,44197.530944236925,27464.861060835043,14670.970494657635,3611281.558478881,2365263.859733633,-0.24681112469832017,0,394691.7666900014,296264.7120794241,243885.28317091212,107416.13663052415,0.0,123711.5772003969
2021-02-01,0.0,0.0,41397.822681537764,0.0,18157.033361284735,35183.51897788783,3130142.2269849754,2499913.274513694,0.7245340356006079,0,299007.76875331043,126938.0543458708,225886.29635014303,39031.19779760459,0.0,156262.0129824681
2021-02-08,0.0,26379.27607802369,69102.44084998063,0.0,18466.98208734966,48303.45324789337,2586109.002675735,2222860.238611948,-1.0578387834949137,0,187719.72852756403,109406.88363510267,216115.02890476777,12159.4538323542,0.0,149155.5506631736
2021-02-15,0.0,0.0,26036.582545343234,41322.60802992455,21709.407717780017,0.0,2222785.4344209773,2281446.9282121877,-0.33567697208930336,1,121430.23417686476,30800.265068497723,171991.62784638663,54373.30039182179,0.0,60246.802342777235
2021-02-22,99283.98770907977,43994.99188022853,0.0,97652.37928010951,20341.779004146996,15075.280367503086,3764381.955647805,2351116.5471936143,0.551959285270122,0,465070.56141387334,176918.16945562194,137078.7456246781,280084.6647196426,0.0,108658.66995438229
2021-03-01,0.0,0.0,49011.37943680553,35416.44284805653,24662.835001872885,14832.61855524063,3144009.411487191,2332374.8820370706,0.8849789533342233,0,344730.8355689025,49303.8328919857,202162.5936184249,191531.4623755433,0.0,97664.38263906704
2021-03-08,158211.90440238832,33168.57399136316,34212.70757848777,25103.17220859336,40663.80188057184,0.0,3016790.739436527,2411575.8564440627,1.9685563273623141,0,440104.3571090122,115446.26970212377,188467.69469876034,129431.97495615052,0.0,20927.605556224622
2021-03-15,164312.8002945049,83701.3957827162,25581.549247264407,42363.73199252155,33115.5347803207,16995.570934109197,2169388.027782891,2052622.8163099037,-0.15083443649470418,0,309827.19071252435,167716.40154317077,114338.2530689307,94608.41259300163,0.0,58248.526568708105
2021-03-22,68615.8249865392,79438.921541507,29744.58701633912,35238.84372119519,32539.42161345216,0.0,2953977.2817534963,1962394.0826037715,-0.31554301468439516,0,425537.54696785467,255783.26772956975,158669.351628519,121988.92352898052,0.0,17834.716373959276
2021-03-29,117242.55466340328,88465.16435522889,0.0,47917.92821907553,21240.416576167612,0.0,2159350.144554545,2056588.6462411468,1.0467835251996211,0,320169.45222483895,202376.54630390028,57004.20995049315,107105.64529143288,0.0,2067.632890839551
2021-04-05,0.0,80317.50937016273,57846.56388415021,25765.001277688032,16564.95279856032,28010.022979103625,3006732.2391463704,2002064.5608341657,1.1565724300652427,0,404022.1013574684,265666.1130675647,181536.52042608906,107182.09839643822,0.0,108927.94769574347
2021-04-12,365444.25933121954,269376.00205077435,66768.84514168794,44237.99414202002,12723.50442326845,0.0,2533736.195868861,1823488.9009391374,0.11728307155954662,0,358734.94097739126,274194.49045838416,176517.5957735299,104055.53162817447,0.0,24792.01496508332
2021-04-19,194634.72954211797,32684.805313952493,0.0,51289.59506915697,15876.252466546395,21091.064572868,2636636.938697854,1801339.6511005205,0.3800100492763118,0,379069.74098815053,247218.54426736748,115738.40919212128,131758.24238028107,0.0,81915.3398044475
2021-04-26,68032.94382176954,94645.1304901492,34215.86993558439,0.0,23095.570912804735,19359.344755799997,2819154.131940917,1739903.6060951399,0.21108935318142774,0,410536.3168106011,268703.3052692919,147687.42267889687,59567.127920579995,0.0,95473.55679010355
2021-05-03,136569.18944043966,39063.48590166565,121908.69734612554,59062.5860629811,15559.055398995231,29296.295812049688,4075560.327947864,1728123.3413319525,0.4515079674942945,0,569118.6078628383,304456.8669158664,319910.5942263192,172162.1603818245,0.0,162598.71531483746
2021-05-10,94260.77778845638,35093.745630657955,34625.06387310685,0.0,15505.75519334204,38818.64317032296,2375876.0933949193,1657743.5615249723,0.064321902684752,0,344523.16150902375,151600.34575363027,173428.44481954217,42524.50354442325,0.0,112757.49516190687
2021-05-17,0.0,43955.664002367696,0.0,40562.434809068654,14915.817530372622,18286.035984855665,2522035.1966254166,1644738.2555606663,0.20488473809362306,0,366022.6648272452,162941.5824211449,119494.24094954532,76525.39724918365,0.0,99178.22531781194
2021-05-24,135570.04606463504,173690.5374699021,19151.898417543794,0.0,16377.718086125971,15427.580431929884,1611135.0344428234,1617614.7351267822,0.18414270653448303,0,234142.61541309,168475.06128008504,67299.2485385633,18807.516054025364,0.0,52344.79066617453
2021-05-31,0.0,27682.91637678667,25298.241290862312,0.0,29788.568286346373,0.0,2025546.9032083785,1547937.4566919904,-0.28720262974350363,1,299720.76777650317,176228.17175540526,96558.97494743689,9335.713914112639,0.0,17243.028507426767
2021-06-07,0.0,43339.90964671111,39783.47976169642,0.0,34777.90829242985,24995.923615199572,2176009.191947444,1506014.8854087635,-0.4535017628750735,0,295518.562785517,161866.68711932306,128650.87657542869,3603.3434516586753,0.0,80999.38440876812
2021-06-14,0.0,40856.6184500074,20503.95336023142,0.0,34571.883135111,0.0,1831496.2124231725,1333964.2547406543,-2.132827096642522,2,236665.90550244864,130754.8057732805,97884.36541884138,1170.3097529612983,0.0,19282.914146395193
2021-06-21,75090.10543353105,0.0,0.0,55219.663171604545,38930.82848864545,55587.26234970538,1913782.738657097,1287814.1413240768,-2.305203957858086,0,268625.14234191214,51804.66306014502,46112.06635944824,50480.09567737738,0.0,107600.06151060807
2021-06-28,0.0,38914.92884855728,12584.853690608268,0.0,30885.542531802308,17738.833216728,1524707.2495224378,1154817.5630798652,-2.2281518344890854,1,194060.78607332113,77159.6652341455,39406.13258777307,15776.618715729663,0.0,68258.85220201434
2021-07-05,125445.45482136312,0.0,28602.944957787524,52251.15369014747,33741.77585710193,32959.09759696124,2120260.4744547103,1388372.8251452437,1.4492161498047964,1,309026.84160480124,33063.275051418874,93020.78291486794,71877.01644778674,0.0,103098.49397257053
2021-07-12,0.0,37236.517478818976,0.0,25266.553777136123,19013.905962913155,43839.16443544201,1492228.017330026,1355398.228923849,0.37861636910499735,0,201539.36846535467,64754.73414323544,27947.146844260966,44326.44481417573,0.0,81524.84977559568
2021-07-19,65336.13494188874,0.0,42796.33742327466,69640.83349953526,19548.15995787193,17353.09198111426,1724313.052624008,1251586.1081579376,-0.11515675433639322,0,235310.991378961,22274.57302073311,92228.59702330979,101580.89862295034,0.0,71084.03496369967
2021-07-26,161022.23294728194,50525.10703881523,28958.08145031197,27263.785691417197,28451.872823104866,29070.74517332577,1639233.0101744717,1130306.3610303805,-0.8706044426907676,0,234606.11308662512,84449.934814329,85356.50512541097,69104.94916772851,0.0,71062.72899995664
2021-08-02,64207.842712967904,53607.72159253839,40439.07949167499,37309.43883695044,27746.688257918784,0.0,1472178.2366086405,966646.5253778951,-2.4409373915878874,0,210872.46856946536,97479.11578209315,88837.71345107842,61728.07353345494,0.0,20833.605092553757
2021-08-09,53976.90115644574,90186.6107689593,0.0,37359.87244873506,16313.009727517885,0.0,1437912.8294523626,919462.5538628038,-2.173690443727937,0,207703.50995370728,129041.73086741682,45879.68015261222,61154.64741490117,0.0,3640.026542537848
2021-08-16,0.0,35841.08407308077,0.0,0.0,17828.257285811218,0.0,1263615.5840886666,911074.6231669411,-1.2042755769807805,0,183967.75700441384,98851.28624271018,16759.83552933894,23305.207253328434,0.0,512.2552135567194
2021-08-23,0.0,36835.65098266169,48579.601082421555,28347.078118357353,15924.056125615665,0.0,1429749.1806782994,919752.4542663933,0.035308306948443245,0,181342.99177845282,95253.45475092925,83734.10119394652,32791.73311464543,0.0,81.46906751010447
2021-08-30,52348.7774250797,31745.177098225486,69615.58853724544,41491.565570452665,17306.74254479967,31176.71252901214,1693935.8159033705,826619.4380946511,-0.7815522341949103,0,210708.5696525027,91295.09073344643,124620.84839667387,55599.62006190575,0.0,68064.46328253794
2021-09-06,0.0,52445.47712890608,0.0,103241.51588468924,21592.585877604033,24044.7816233369,1245357.4285806112,949775.8208518226,2.285814702352064,1,131524.80187157544,80845.32097511459,55098.71921207147,102671.33711884172,0.0,49690.979401966375
2021-09-13,0.0,99102.31496979903,43643.296264350676,0.0,17199.418588715733,16969.865005546788,923201.0591898125,890794.6077740628,1.6687994515449198,0,81302.1346845498,85156.09757888554,56057.93330121223,35513.08235148174,0.0,32739.899213243356
2021-09-20,95171.02769493424,44549.54304659505,120906.89850779342,32575.136333241113,16858.793368053477,22389.803669573284,2202774.338847844,816452.7430866861,0.29211045794297447,0,268625.9172778523,164605.9659539517,180634.8376243445,76436.54931196112,0.0,80969.83750812688
2021-09-27,0.0,0.0,34083.710739379014,18083.130539410868,19443.846199014657,0.0,764705.7056312908,790888.1480578309,-0.5777264765673368,0,90853.23754773625,27854.20442316746,62168.353112690944,20708.170574729953,0.0,8732.910113905169
2021-10-04,0.0,0.0,0.0,21544.650380589228,20209.66273941547,36052.6173847725,857849.8602025654,795627.7421775744,-1.2262844127111685,0,87170.78724539661,9512.567866313111,46105.82880118785,21048.402439240883,0.0,42854.00261479027
2021-10-11,0.0,24730.46365048007,0.0,38899.9149260788,17152.39331328523,26070.360388764075,1254073.0284178255,863160.1586007552,-0.973565629164012,1,98945.37391218594,37488.84701914946,31197.91721259559,45401.14831521467,0.0,62435.387099732245
2021-10-18,0.0,0.0,20531.167385155222,0.0,18503.570564187143,17437.641242907557,1298457.9908980397,878418.8306509118,-2.0610338374340595,0,76283.96105661991,11343.394531770962,52018.814665427206,19605.180876749102,0.0,58015.918875278316
2021-10-25,73069.56559144807,0.0,23580.524872844173,19115.102616082615,18329.818838223156,107104.91996779482,1462444.834549183,998482.4759042766,-1.4849517680617175,0,178124.63603148036,2774.1800113742092,65020.609635890934,21683.083063635007,0.0,98636.1844737026
2021-11-01,81104.07915979679,36587.941217507054,0.0,0.0,21706.96501212899,75340.60302645266,1456092.1604197263,1132789.577723413,-1.029274347211514,0,203938.31308074776,53716.10434837809,26444.008214959886,7903.537089045549,0.0,94907.4419925246
2021-11-08,90438.16578552597,0.0,39253.10556209576,0.0,18160.750177968694,21245.743067230327,1692219.4090994303,1222089.5568744435,-1.423162634672708,1,251840.79697921043,18107.58515867113,89587.445726019,3355.961031952792,0.0,89734.3416035908
2021-11-15,109782.6381594772,29932.37099543894,0.0,31498.001087319597,27615.434717914774,33876.77875526209,2112846.0284417537,1492130.8552995266,0.2957516368357514,0,323252.91749748995,71104.48058942826,50319.63792756191,28114.238269598394,0.0,109394.83107201895
2021-11-22,152254.9051974824,0.0,0.0,29842.713801580616,21694.06845316926,18306.46687769148,3671705.0984947975,2099018.212625874,-0.531907674366512,1,601762.7970804026,36575.928911066694,32348.99208577916,80287.01213763111,0.0,159743.99359001257
2021-11-29,155249.13107987796,36757.46487660361,40338.73866996335,0.0,29112.551885567344,190215.26952886579,2514334.2809826536,1784058.4881868572,0.3724225505567348,0,382261.92394971533,97273.05398038887,120519.75806275512,19099.217199972176,0.0,164606.06210981248
2021-12-06,90711.82625026681,0.0,24625.64913968913,29464.469457361658,34453.79111466222,62467.984804583946,2184331.5973744323,2022641.7301142786,1.2228170226506567,0,338115.4743675713,25938.85636956932,107309.98543082995,36662.681896823044,0.0,138093.94989465005
2021-12-13,0.0,0.0,20277.018220198308,0.0,34195.79020433062,54772.78989145349,2728664.606898976,1964796.3584221504,-0.3436745124154142,0,420451.29387531854,8303.353022739278,127344.44990894376,17805.30526588269,0.0,169167.74543054102
2021-12-20,0.0,31569.590516766435,19111.58524489871,0.0,26699.377710751247,33554.02071326284,3665515.356055752,2984840.7035697564,-1.7303385641773221,2,527540.5084377301,115764.77772918456,158582.54750169325,8735.034446919073,0.0,201927.47955903606
2021-12-27,0.0,78899.8593789102,32860.99904218569,37319.89811559797,26718.879037653664,61322.93615374433,4267215.8299397845,2234486.734797545,0.13154700373168315,2,519505.02288282535,324458.7735229663,218969.08066482306,68840.40374521993,0.0,241225.44232305954
2022-01-03,0.0,36832.64323113242,26193.620424452343,27117.675827742267,23834.467196801445,23720.239446307314,4015918.1659342865,2547133.9894532384,1.6420468178829408,0,432408.00580164633,269373.60270556173,210056.48587128887,84483.49046438513,0.0,195771.12914530464
2022-01-10,69512.43759129755,52007.30854616106,34043.697675972144,93130.23761192714,24450.142300016432,0.0,3075018.7692999765,2456683.331001571,0.6461706208435538,0,376131.2709705109,211385.9011597275,169256.45864110906,211214.3860302566,0.0,50393.771840289424
2022-01-17,66059.15902184375,0.0,0.0,19747.722515839516,45960.045084965255,0.0,3605111.6363489777,2399282.9586270167,0.01457007296140751,1,518917.83202935354,110015.15000490172,107989.48862651578,174370.15672537338,0.0,11941.609013664454
2022-01-24,84938.54759878365,61459.928842783665,14138.962437737315,57157.26646204188,23191.83057863006,25599.843966665776,3516046.6140619665,2231296.97273709,-1.2848913945275788,0,483308.14769658935,228410.88378003766,97059.75583574158,201276.33744685003,0.0,127450.20140985747
2022-01-31,0.0,0.0,0.0,15197.605172024687,27028.118239369138,0.0,4453476.111003165,2066307.4949456952,-2.5166508972270836,0,635506.4285844341,125069.03987975014,51997.93800126836,172754.51361526555,0.0,48621.677613317755
2022-02-07,0.0,0.0,0.0,30242.0694234242,24832.470536119825,41743.608209017424,2829086.8680165475,2215810.0074798954,-1.177088521425459,0,352926.93935477245,21712.82333865536,10798.227898747129,104752.69706677416,0.0,152969.76919156642
2022-02-14,219251.37138248293,46037.530174814434,18581.69012812233,19551.533808320593,20771.80526078895,30344.56774817124,3777984.96494621,2317916.6979723056,-0.13766534669297295,0,572439.2931690229,180868.94338602142,86811.64457169831,95652.7845909897,0.0,182038.73328160495
2022-02-21,55590.43610860377,91088.53117066315,0.0,31651.64833425995,26772.55009667197,16958.655545764956,2832502.1136000757,2165171.6369107296,-0.8875233123369596,1,416154.97230587504,244956.07371589378,22768.201319430915,80876.49669118664,0.0,107561.99405390873
2022-02-28,75785.14425036573,42710.73422922712,48328.02483443747,30485.635065732135,23649.227948637377,18027.36815996194,2335381.852825665,1957995.6934227245,-2.0974196622239214,0,331798.16518262395,168534.0137850093,123322.10665232618,67360.67030843602,0.0,80747.32031179695
2022-03-07,0.0,0.0,17325.8641244283,0.0,33401.767570126576,33580.79504653235,2173580.45900299,1995434.6385011338,-1.2547232732388558,0,311323.4262508375,69582.90985418097,101302.73899845075,26120.05981445148,0.0,105116.25500896784
2022-03-14,80648.44609752792,33763.39419460575,47086.06448420899,20892.959012849216,23899.67413524109,14180.55034689356,2113813.0343617857,1949413.7092218394,-1.076967485650554,0,303182.9535072132,94121.71100179346,134455.23557499828,30146.21804458074,0.0,74775.9150660494
2022-03-21,89955.0398549184,31999.601696852333,22696.949627188213,28720.67370947188,25139.194703474655,13984.270914742512,3035769.0988019607,1920608.4699190801,-0.7405663767326558,0,445079.1528873912,145168.61274982404,166583.1574908369,62291.00310519563,0.0,93646.7979490435
2022-03-28,69747.77234078645,48972.47246934991,464812.606596894,50590.53487312315,48027.60055276895,35276.03552583276,3242182.0115089365,2129564.814963201,1.5616299096595176,0,432813.0422907014,187324.03244901402,300192.05616069137,116924.01243206079,0.0,139907.4702496697
2022-04-04,92005.3014696657,0.0,65918.59971857865,0.0,44982.98877505771,59890.282983969395,3032314.184722213,2125822.7074625655,2.0899341793800774,0,431924.5491972975,67863.4232931033,284951.7525092902,45840.768330194536,0.0,166829.32483449212
2022-04-11,0.0,128315.07924154069,69892.92396822762,31250.540099151116,36042.044312431135,31326.81911679708,3164859.2126597078,2063194.327904457,2.1093752621669655,0,400287.9302264816,278573.1330076393,267827.43417367357,66107.39032879885,0.0,147030.3238098426
2022-04-18,0.0,44852.72286284004,77988.02286840975,22747.551793542007,32757.27682254507,0.0,2675820.2398806373,1982541.110326001,1.911185412960618,0,324957.18175018503,212268.57050248116,232849.37111662203,55929.36192209732,0.0,50918.97357219778
2022-04-25,113661.13065143929,38571.72901369522,70354.08450161757,46150.459284001605,21821.242047290965,13755.075993084105,2070270.9558963838,1755915.585580979,0.29746366594961265,0,278222.558274572,136396.4391793313,170724.17628391963,72234.4710794442,0.0,51968.896345779736
2022-05-02,109763.63138622642,63502.89938386733,22094.80481612185,166269.7779245972,30791.167612789635,16916.230139362313,3195351.231152088,1745667.642907056,0.5535544598703358,0,407037.3361115811,219072.77648453973,203227.3530820236,355182.34901367355,0.0,88369.19538432607
2022-05-09,0.0,133133.76314209093,17101.655720985564,0.0,38993.949988284185,0.0,2534498.3686186923,1676151.2756423508,0.18206573798714215,0,327788.84178095934,246958.70290555523,136751.6977308529,156314.32293944043,0.0,17947.23684952536
2022-05-16,62414.73651555523,116523.91985982112,33788.96742677289,27028.466975617735,38791.79749818778,15170.004254337002,2353490.643679342,1687677.1208014926,0.5681112702985653,0,306199.3184520741,233496.52548251092,130181.5335437158,104242.01556975662,0.0,57182.892474262284
2022-05-23,0.0,52410.29540862042,82023.32619954669,0.0,25967.2266442544,30211.45175162177,2996465.6942816707,1708277.3912799803,1.0267187124438797,0,360097.024722988,262092.77078382554,226653.09917559987,54797.31380679495,0.0,123450.96667720993
2022-05-30,93099.30758563659,67148.54394793531,81842.13323192582,52341.46047605233,31868.75320010502,79098.21731002245,2369024.3958051214,1684122.9130031478,1.0518520331809114,1,298299.6582676358,190966.92484647327,181143.24487753373,85377.8821357808,0.0,128014.68801914382
2022-06-06,176705.88270038777,0.0,180326.5615066397,77691.07198919794,33525.5148112988,0.0,2818522.2684520325,1518400.2281369944,-0.3833011741980487,0,389862.8577312256,113006.31091830744,246936.74379843054,184465.36051093013,0.0,85041.90326402853
2022-06-13,0.0,0.0,64523.923461653096,35189.25330858871,37122.14205596624,14910.149701343395,2280210.5852394155,1453095.9045662978,-0.7734440143320684,1,317831.96170150506,30035.306639989358,200216.75588663016,125435.14686328151,0.0,68820.20035273516
2022-06-20,0.0,0.0,16026.878891232967,0.0,19251.991930089498,17541.008116512403,2254399.8384317528,1351918.736193306,-1.561865591358125,1,310529.93922165286,7966.072043415734,176656.68396145603,55159.43663646843,0.0,78658.37522934013
2022-06-27,0.0,65968.52208652721,62807.42504396968,0.0,18453.333506397914,46516.00225009113,1937751.6164022184,1445305.307980701,0.055487303017269375,0,223566.1409834076,119743.1401584419,150774.8246224324,17228.117040533143,0.0,99657.78775265603
2022-07-04,0.0,65817.90081837443,15755.306549956718,0.0,18937.783808704746,33225.466450261156,1792972.7550773737,1268193.5887048235,-0.12606994335748023,1,176307.98837184085,142567.21769061527,112387.23998030767,6069.6084841572265,0.0,90859.07011722917
2022-07-11,94388.90403209325,133391.16419032772,32484.868660019143,152271.5863862889,18596.76580861952,14638.778659656635,1768167.4515388692,1303979.710560301,-0.3322611882801086,0,206518.501893569,163023.4641590853,94728.71502509901,156443.517118525,0.0,58279.37297347268
2022-07-18,84525.13241557575,45170.64564815817,17876.676400665838,0.0,20974.601709772964,13899.919553314137,1450572.9532563433,1288604.5622747706,0.3043434843048635,0,193473.05985969407,121187.24537924738,67656.30890020689,64766.51511543156,0.0,43078.34587036054
2022-07-25,315040.88021227584,0.0,26827.93148952605,40097.01832325009,19601.629184721805,13228.244939307022,2024486.8823515452,1193113.1584647023,-0.03562063762640253,0,308263.61357237806,83448.55574521657,100618.67530813601,93344.5112903879,0.0,56826.06971030495
2022-08-01,0.0,51976.547958709605,37805.04425084165,20544.077350681564,24086.589804906915,25564.8585032363,1547242.632240355,1112265.387989516,-0.16855467618868347,0,224067.7568180506,94408.93762150785,88067.89014729754,48590.287658229085,0.0,60203.16891896845
2022-08-08,86810.79086586775,0.0,22898.288098111527,26797.49850138322,27661.949082737538,31452.55240702676,1658251.4846521518,1157612.8520242004,1.5987713628579734,0,250328.53753091214,39059.172406956735,87182.89991374829,49207.247690948265,0.0,77117.12737307497
2022-08-15,0.0,71870.17708490982,72052.3889734,0.0,22198.10620850062,40861.97442865177,1875980.1115946155,1010167.2475839197,0.4501932566928087,0,256602.3184751392,129347.53687492272,135445.04426498828,20536.636291954215,0.0,92271.84208985754
2022-08-22,56341.126833378534,0.0,135883.25202512974,28011.597982248604,22411.910400749326,19012.474855100234,917229.2646128075,920222.9523571129,-0.022472236182324606,0,128574.21859015225,26292.06535257243,82088.89486130462,16461.225983923552,0.0,37574.03326787914
2022-08-29,0.0,0.0,14408.926817924304,32632.92263629536,24519.461755479315,0.0,1258123.653544376,811936.4401950432,-1.1465623416680837,0,174299.51894018226,10797.054869509977,100739.04644268237,33724.05313625855,0.0,16342.668015128073
2022-09-05,66594.67553644272,0.0,37229.05298128308,0.0,28740.680473461438,0.0,1010485.5373924745,786254.5234713597,-0.9295797622915262,1,150812.72312159158,2176.8288808762004,77617.7632724608,10777.215719635557,0.0,2300.22355594262
2022-09-12,57894.06118706111,50994.92866700784,33367.27104561076,49110.61354943803,25361.42648035269,0.0,1022073.4281131681,784314.5548939393,-0.5192334595713316,0,144178.99757448555,51592.06030469353,68192.75436074146,32278.753817586105,0.0,320.73769202316123
2022-09-19,0.0,0.0,26792.376631711486,0.0,35244.80019107178,35035.42442803844,909122.7317644401,792846.3478898593,-0.2631868987242144,0,119203.56360498669,15405.740979727336,56062.26995526954,11521.685105765697,0.0,42184.56613020458
2022-09-26,94889.02341607791,0.0,0.0,21753.722537706373,50948.63866211627,22121.627177750157,1022443.456589493,844665.8489528588,0.4523785516427009,0,153996.5908498584,4549.500639496284,32252.011681449912,16513.87146410343,0.0,45549.77863537006
2022-10-03,0.0,38532.90833877223,0.0,0.0,55646.34542944012,17024.78210456954,1416610.7627486498,850154.0726057325,-0.18781893490087442,0,195784.93663294488,59731.13649095731,16970.743814825393,8683.315163734032,0.0,55627.680936242825
2022-10-10,0.0,0.0,0.0,24574.22679034192,33254.151662598735,76725.05972714238,1238656.8146150159,876199.2847374353,-0.7899814418018998,1,150452.03830273502,15982.657253662352,4953.198452857352,17125.232365066367,0.0,82477.95348334475
2022-10-17,0.0,0.0,41854.30557109169,29885.331510948494,63210.15664793673,33223.679105202114,1384632.1951184461,967688.5340499559,-0.5142252577254303,0,132042.1302746679,4348.8675176159995,73564.39053723364,30508.369776131985,0.0,80793.37827762794
2022-10-24,0.0,36378.873547594965,25245.396677961624,0.0,64384.51159353698,36896.76957917703,1493371.8604528843,1141137.0845575877,0.6744754683436855,0,105337.45593589463,58675.633637226565,80919.06136034823,12520.008622229872,0.0,85356.99436845859
2022-10-31,0.0,43626.09517512774,0.0,31252.426599438746,61977.67858232087,74199.17102932453,1548476.7454444685,1383262.303141559,2.2337790405864677,0,75356.29723200327,95212.11739856849,38053.3164693652,30450.613239011014,0.0,103715.90102890093
2022-11-07,0.0,33542.181698664164,43003.515956811265,19680.29271018973,53492.074985767096,43562.17142276336,1892868.7595519922,1405334.0570812044,0.8390813982204294,1,58297.87928714219,111361.95988053389,114227.08217567886,35229.88993173838,0.0,117249.90759532098
2022-11-14,0.0,37768.67074553432,31246.371808313,20386.796344686492,39722.115355338676,28414.581825222584,2559345.226737109,1554107.9167860248,0.9077223217140563,0,48858.71048098406,161187.33702999805,162019.6081818952,48352.0758717111,0.0,141552.8557961244
2022-11-21,73768.53215139368,33589.682147649866,0.0,19336.303438831455,53516.06402171647,44767.04120067169,3194341.0443353346,2178058.478093325,0.01785741866492379,1,353290.1506314512,180326.40149205617,91848.62151288506,54464.875503567164,0.0,179539.63465345066
2022-11-28,0.0,0.0,18685.00206409997,0.0,41370.927089714234,51397.7610656806,3152259.3378998893,1871253.3477805916,1.1014121660556793,0,293638.07645719417,64111.278094488436,118254.25420491157,21543.40434882454,0.0,197880.026005386
2022-12-05,0.0,0.0,0.0,0.0,28278.49399218301,32672.664182924527,2338027.5378957214,1925892.299586262,0.33959532268605497,0,171287.65775529278,13261.719826799905,36811.41632146015,6327.703976360329,0.0,144386.55203691026
2022-12-12,0.0,39736.71324764753,0.0,0.0,23003.573691413516,63142.115456757114,2973563.945175131,2024897.3216917368,0.09219445379665034,0,145041.37943880362,141733.39864067282,15251.028074880918,2884.0096686471693,0.0,205614.2857425835
2022-12-19,188873.9852394585,0.0,73175.34413900337,0.0,21124.156429566603,47458.527589514684,3176197.151183119,2795680.141939379,0.8312337776345446,1,466001.4661609575,39356.362106067725,223392.35958382126,961.0185413779702,0.0,182999.1162314242
2022-12-26,91073.81828392314,0.0,41812.20692460834,46753.43486688425,18583.725208825723,24115.127375496104,3340482.393665242,2908309.4844444,0.7388574145103118,2,498272.16408501635,10248.656457515106,234155.32561673247,65053.21727323974,0.0,161398.08094544098
2023-01-02,69431.57603244644,0.0,20718.623217408407,18244.167121558312,16347.617862313693,20237.367876147382,3191555.6055598916,2274557.1545675294,-0.31064777659328735,1,487183.40734780685,2357.4531731830084,188732.62499656234,56007.214781203984,0.0,136099.6561005304
2023-01-09,62198.73739973437,63681.11897184415,36032.950364644596,17071.791809290204,18680.721452428676,0.0,3554226.239535621,2355551.662854333,-0.12075436991818772,0,522603.1604843384,214258.41920871372,217599.19737069937,53578.17751949131,0.0,42342.1380787022
2023-01-16,0.0,43794.01113962637,0.0,20041.949546634478,15792.388124400984,0.0,4906456.616862817,2584533.572284028,1.1878513987607362,1,703346.3037566452,329781.35925726726,159577.1178839423,81040.38803331526,0.0,10285.529955589629
2023-01-23,75712.03182462104,64679.08387465784,80492.50835717723,45606.997809960645,17183.96419234984,26752.18072382404,3607607.6689397353,2455511.0211476167,0.24466903721777788,0,477211.302226608,265328.85307440563,256520.42243067536,111072.44115681444,0.0,129833.11293737892
2023-01-30,0.0,37580.49599144057,48673.90885259848,0.0,30872.218825589523,0.0,4491892.546850527,2519419.4310617954,0.721466512234405,0,580279.0993918562,304094.2692670091,339031.2696529761,58056.5138871246,0.0,46964.21541644967
2023-02-06,99075.95031433298,0.0,31023.717162697892,49576.38952867974,32958.16742282809,29142.877746169375,3620907.253436183,2418651.898487293,0.2164788001259611,0,508101.15570521745,91989.7200571697,240532.2783903529,120942.5785444135,0.0,148431.22606289646
2023-02-13,0.0,36197.32943765647,38704.06313383149,25325.890387991774,32659.087390702258,14567.953697995988,2176246.10259984,2355387.121957535,0.06330197510459086,0,280223.3354884602,97590.26661199871,144589.73511488884,63309.40488391495,0.0,72606.91145472643
2023-02-20,129847.28798045962,187055.60502521406,108279.40722846302,0.0,38451.3038072155,18865.92206756921,3818547.513709455,2540937.6638563476,1.7133981072113798,1,510288.89658862696,387326.40207544283,304659.22906828055,39642.143495092925,0.0,125183.8721207347
2023-02-27,524676.8160639316,0.0,52903.10913488467,70379.99544696108,32851.708133268636,25726.247439441257,3220768.4534457535,2295366.0973480656,0.4857929261305838,0,463683.4642108675,211713.38051377094,240278.7247995851,139700.7913590919,0.0,122915.50376516704
2023-03-06,167222.1344786377,34606.27800209103,27521.762889894973,20633.562033026148,27471.98110273876,81370.70068734366,3204642.7093626256,2110314.730363554,-0.3881073274348336,0,468361.44614663173,183420.08802534538,209059.64819053086,98421.46763413356,0.0,178761.64750537998
2023-03-13,161354.15780689003,143057.46994092216,0.0,79942.89457986699,22884.70255161249,24903.423176412147,3141177.5866468074,2199370.816008995,0.8674393627550205,0,442741.7799061038,292534.59141754126,112924.29378360994,194393.1049508127,0.0,141715.48581308813
2023-03-20,117914.32885751191,0.0,33613.74299576476,147208.7032491337,24794.970428534547,16334.182250446775,4362335.770157558,2149782.4548938186,1.071872883217525,0,601146.6329706922,238087.57684912306,202242.55813571697,503030.25035944994,0.0,149381.61473221818
2023-03-27,63394.899906260194,73384.4986752051,0.0,32258.23302019292,0.0,37193.547701330535,2778417.223793028,2035883.7223559227,0.7455313964025821,0,392709.96317919245,207715.12174725594,62229.44635279929,231056.91782265107,0.0,124192.19670504809
2023-04-03,0.0,37395.98111246122,105060.14198525446,78477.34294246831,14918.559688394374,0.0,3515750.188893036,2030939.5066066748,1.2626235597060458,0,476643.27795846225,217539.34850936587,257591.15366155992,312835.1847730823,0.0,56164.249885478785
2023-04-10,231053.53942207337,0.0,66512.79382507126,31301.358887268925,18915.50413172561,15698.391495630285,2579193.415893747,1966164.8294386081,1.2402282854967956,0,378189.85066549695,65329.06644399814,200626.77850225897,170346.37639092607,0.0,70062.06586788716
2023-04-17,68038.52461039623,94308.99059721328,49343.65986549592,38482.44936319914,22570.197459199586,0.0,2405101.233388297,1827781.1260320956,0.490269919997271,0,343012.1181559699,189551.60924045835,175029.3162972857,130452.65213394062,0.0,14270.766289010677
2023-04-24,78031.13383054105,28364.067771153725,0.0,32574.089817253684,12814.022939109633,17922.065874927142,1898289.9086392622,1731375.7510544723,-0.0034088034469012592,0,278451.27891601354,117477.86236641831,90933.8798297431,87066.48204743356,0.0,53938.26316049268
2023-05-01,84795.009320236,147736.91325913,59977.70619081882,44997.826716643896,0.0,0.0,2767510.3421111926,1738981.379254967,0.4232909817882354,0,388406.46795737295,269188.49937540165,181274.27768446633,130752.91621288106,0.0,17059.314532885008
2023-05-08,80195.72474577447,45103.624589955805,20127.389454423294,22561.01620712391,13432.210007214182,0.0,1912674.150245937,1783810.173784311,1.153284327115953,0,280186.4480659513,164519.50762551336,107035.46612709778,67474.26915765849,0.0,1935.2344326608466
2023-05-15,0.0,0.0,0.0,66272.88469520163,13811.943570089736,34644.03695785366,2199408.71544859,1714505.08190354,0.7646630678880271,0,311975.41534872475,92782.27753560187,61355.14346310497,131479.67609471013,0.0,95300.0255746313
2023-05-22,0.0,59983.823168019095,41249.079034101946,0.0,20516.495385845676,0.0,2792740.379100389,1562433.7714519363,-0.5269316908192624,0,375088.830109741,195517.68950831942,154599.09501989748,71810.02339343802,0.0,38789.416586372005
2023-05-29,189789.43739407492,45473.18496796838,0.0,33752.870424163746,30464.254332900113,53715.78258563816,2356754.1513447315,1733681.3629121853,1.468917879536536,1,345620.4708164093,157404.64007057424,60355.800971595534,70046.77806426925,0.0,123019.8861240301
2023-06-05,0.0,0.0,41322.316000232495,85863.76866638435,26758.266086599167,29523.826964026015,2615698.458725461,1647812.9327050482,0.9135882226632688,0,359511.2663373724,66580.3150793138,136892.67481509782,180916.7400154042,0.0,122546.07687147155
2023-06-12,119275.27391237978,53573.942009433646,18139.01792498877,37829.269583845955,21268.182340844964,18203.310737889184,2515429.008390309,1654759.7542021952,1.326242607932647,0,355673.4405980025,144820.55710048156,109577.68256938997,141686.4610395378,0.0,95273.55708912817
2023-06-19,155779.1877462276,43673.19304544946,17206.995143201435,0.0,18025.524031560282,21108.657283880886,1933477.0387174746,1505030.6798084362,0.15997046525295128,1,289922.6515614916,121017.98036979312,76473.97972234746,47087.03499945554,0.0,74523.50953036959
2023-06-26,61158.086253633315,33694.20365676686,19340.129766019978,0.0,19132.490790360655,12705.094233794382,1820856.0195179072,1392254.9231129962,-0.6340819617131204,0,278743.2651718537,105623.14372595129,73645.9859411299,17581.430748746996,0.0,56369.95816414722
2023-07-03,0.0,101866.43231777813,65641.49954677878,75262.90415062127,21252.423493156355,14716.9450849516,1991898.1347850552,1320245.4500799032,0.4780283749395605,1,263608.55427354656,170396.05777473294,130926.38875141756,91612.37204612058,0.0,55670.767954584
2023-07-10,79790.68120368986,66795.63555530965,52940.14783825817,60542.6364019651,33022.42576312246,17877.464561844467,2469140.3055537646,1407831.2416867537,0.8785928016530471,0,325156.76483414543,200124.40838988422,166407.705570654,143250.96986309197,0.0,75788.53983847966
2023-07-17,278175.8902294675,58079.19588862964,50581.027944546375,22335.108537045962,32882.085135470974,22001.642292220844,2037820.5019798258,1227348.478101259,-0.5736900985258184,0,289462.71991119796,157179.52075578712,139563.63777383167,80408.65342821044,0.0,72017.54983503566
2023-07-24,0.0,28279.938588726007,15146.612551238355,70494.31575816622,21553.291034760663,0.0,1153204.4128787005,1165864.5235751532,-0.48697645279648444,0,166244.4763984054,70319.89041282215,63271.8739241174,74620.21157712235,0.0,11624.314672228225
2023-07-31,0.0,0.0,51100.20926177205,53669.79906728139,22543.878561342375,26616.30440211215,1431088.3630225523,1162047.923321411,0.4948923848043211,0,197948.8821532399,32474.284621234245,94791.46119365197,94417.89535504639,0.0,53846.6295939776
2023-08-07,112599.59480250457,60136.50807359821,96211.71287401165,59220.057878072126,18600.9080347776,27696.969794911878,1398018.0260583896,1033177.6310599509,-0.3628805892666537,0,186567.3681693911,81298.03536757901,106785.16199351347,92189.57799261855,0.0,55278.643837675
2023-08-14,99677.28096089844,33578.26341195287,36433.328964661,0.0,18681.82219840465,15987.576622948334,1325789.175374799,1069858.5389391752,1.3407311553671917,0,189478.2283047613,72684.5891258802,96504.20451748815,40351.83350242472,0.0,45322.535154535355
2023-08-21,0.0,84721.18180559474,19318.561382252068,65018.79455239535,0.0,16840.50330711135,2138515.247094148,928518.8217388666,0.06080144892746027,0,281870.3679637129,171203.16887765535,121870.38631820642,113570.21546711201,0.0,67683.33130726336
2023-08-28,0.0,65151.54933740675,17214.10352305781,23992.628950533435,0.0,0.0,1575260.7147769528,817957.5551176369,-1.0897267621952784,0,202878.47033523422,134037.65626968065,76383.37211763016,63378.0532992597,0.0,13142.179475895582
2023-09-04,107547.05178951853,0.0,27875.552777107936,19362.459087420728,13702.963785429562,0.0,1082745.889232349,830475.2802462289,-0.08392389426504832,1,160929.67664938362,45325.53283536123,58068.94013818348,32295.46395479894,0.0,1521.845489911843
2023-09-11,77535.37022139464,0.0,51789.55994392604,0.0,17890.36235944074,12745.077544022857,1248656.3989796378,793663.3370653128,-0.3880508873641332,0,189575.09768116873,15944.401273273606,88543.57121323305,14546.498227256707,0.0,27708.626587252755
2023-09-18,222011.3981702997,0.0,31708.760356881765,49941.4605241561,19024.874223022132,13781.259927451118,1049158.5095119386,833709.986362781,0.5081116177507674,0,165250.3008496809,3254.6613296364894,67708.59510494462,35028.83759766225,0.0,28971.96501024416
2023-09-25,85820.33268556933,27290.47728944572,45152.35507518494,18708.384696835965,17306.016577805967,18113.309388616515,1308223.6533413245,828479.5070663894,0.06359100252171679,0,199768.93102994337,33705.93009181875,88899.04624348265,31476.894978493932,0.0,43700.59969041769
2023-10-02,0.0,0.0,31037.442329436773,0.0,0.0,88758.5374757596,1278765.3719726857,934704.4321994374,1.3260897095779478,0,191127.04070795284,9123.464038175694,81654.43967424285,11991.645513459243,0.0,79133.47308897704
2023-10-09,60507.65514771015,0.0,57894.2822192108,59800.968879463144,12934.31103840561,31164.98669821516,1396469.7918957798,954765.8747791519,0.5749242859752383,1,201874.7058200581,2338.637682757745,101556.43543540926,52846.48090469194,0.0,73621.8919142482
2023-10-16,0.0,0.0,58234.32062192264,0.0,18733.36503353305,22706.569804469935,1782722.5818849867,1013173.8200110219,0.1850173309538135,0,249839.2027934148,723.9520735906523,141427.68080147135,27827.452658562175,0.0,82669.54683501343
2023-10-23,55590.824482673095,34745.88441539768,51751.38378062934,0.0,16171.873980948827,57381.74912674805,1476731.468820802,1012661.901854413,-1.3825419984346003,0,201975.41928116226,46659.6311431366,112343.92660535545,8349.194465314593,0.0,82888.0526022574
2023-10-30,70580.82164744573,0.0,18276.385092288507,0.0,18426.72884897439,32263.688851422616,1845785.0455308554,1141312.0752631824,-1.0369610217470842,0,270424.4557602329,17308.54902277148,116998.47464072707,4000.8248005652254,0.0,98227.10541067226
2023-11-06,63346.33795729911,0.0,24543.813992258154,67055.72311224551,34414.01685375344,46040.15105611205,2154109.0617497093,1262118.1049945494,-1.018617646115267,2,309682.7242080355,4798.702853406336,119375.6533562289,78912.10240588247,0.0,118600.80399699193
2023-11-13,53860.63386727825,58379.94507059977,0.0,0.0,47434.11665885424,101269.99617929576,2075326.9115567165,1395241.0789058232,-0.955823139887113,0,293503.50784688094,117014.82749663151,54037.821076276436,29652.432603853154,0.0,130835.32156806356
2023-11-20,0.0,0.0,48598.78034382635,0.0,62407.25607319243,14440.016796916612,3071144.8943409375,2124769.970001066,-0.4612855295572678,1,412230.08484956005,62153.729087058106,190781.36467551676,17078.2721333797,0.0,156259.74282753508
2023-11-27,0.0,0.0,0.0,0.0,50111.544368579176,20496.0229847376,2251671.7525921636,1755118.665089296,-0.03275826971863219,0,282869.63603885303,12837.889968364516,75790.06740916078,4959.733409599758,0.0,105574.43961411747
2023-12-04,114780.5050860624,59764.290671482835,0.0,16568.614878596254,26226.112211479733,35506.164024356956,2957659.734156597,1825530.1872157007,-0.6186910874940397,0,429086.97374098835,180748.20684045358,34643.96708409491,17567.52729433664,0.0,150081.19658172253
2023-12-11,75273.47152173318,0.0,89580.996529954,31027.179176125395,17631.808910861204,33277.6997408288,3222910.2509567775,1891297.6863265233,-1.1117062853897763,0,458623.28736452863,66642.48232776055,245312.79875210044,51617.7899104349,0.0,158034.27422862517
2023-12-18,94682.06299859133,27046.08677755008,38456.85997543437,77822.78743474388,28675.22933194495,80347.07799687036,3232134.835035659,2106341.217896362,-0.2347278238203145,0,443821.1078704589,101904.14173997959,215806.00599147117,172413.07315902194,0.0,183678.25503427003
2023-12-25,59659.112710600915,36011.85384425101,0.0,43671.90435035113,25607.070879660198,29035.32957486092,5716157.451069914,2682030.368752532,-0.6774112793088729,1,799716.1747475811,261475.54272707726,225240.18367978875,303795.72971409117,0.0,287723.4668684397
2024-01-01,82633.70632106873,117900.17455622941,34545.87204082476,27785.632333001828,18594.711496198965,11642.672929760462,3473395.1917262785,2162325.2632904737,-1.220305661060639,1,475193.4614899627,312653.06211711554,174247.4205387905,137258.8779731456,0.0,115882.95797420967
2024-01-08,0.0,31296.58461164776,63197.9107798261,0.0,19637.708890450584,0.0,3081112.4167120983,2283603.0054948544,-0.7040667191313289,0,419218.4652554938,228385.13503206233,223466.49016801,51892.61782137364,0.0,28003.11806799157
2024-01-15,0.0,76311.3300219465,27635.423024989435,0.0,27478.536289259322,36347.54772986359,3121925.3191372044,2480578.280236932,0.43732481011607677,1,375488.68995685165,265170.63293543813,195084.37983932416,19508.30742675344,0.0,140036.47206549734
2024-01-22,178276.39339319384,0.0,0.0,104550.87623566383,30925.432560696114,19103.320376075957,3596489.904373661,2484481.2094812016,0.37384776540695774,0,518629.04032837495,143595.27886959372,117767.01190671169,241710.01379279594,0.0,137707.63784108855
2024-01-29,0.0,44586.332459239944,44382.55401051038,50221.67484076909,22410.624992968438,32451.73840604678,4955865.072139231,2706794.784828948,1.8507741421916737,0,649210.858264878,267794.24976856424,272629.2430578163,310658.53683360893,0.0,217666.4594982163
2024-02-05,0.0,0.0,114208.6909879854,0.0,20218.816115744925,15501.422713180844,3136283.4054688606,2546166.19858823,1.0064822619217262,0,399353.8073349555,63438.658835544724,272860.6117814863,90015.37796422202,0.0,115086.5304112616
2024-02-12,0.0,84322.6539569406,0.0,26801.708620311892,14239.919819297955,26536.382971052488,4555056.905215262,2495323.0579012968,0.9588829015645575,0,487711.19695746846,353990.09978777665,277797.44839492085,122677.7625347677,0.0,191245.15526314214
2024-02-19,140116.49985191916,0.0,24922.358755008794,73169.76646312319,23445.151826083722,30481.454074747573,3000841.7489181366,2613650.2460543225,2.117337834800761,1,413164.9836614382,98774.75874629756,160788.0929033156,175779.22023061942,0.0,134238.68169309097
2024-02-26,0.0,53962.092568768276,44938.17489199317,0.0,21567.63326464231,16945.310791525044,3068534.8946249927,2365826.228909109,0.9234048766404599,0,394629.806416893,189469.26296430666,196595.11722472962,76797.11347462295,0.0,113387.88889709611
2024-03-04,0.0,50718.6420621809,29742.309461813016,59501.661471844796,13865.022858717979,0.0,3169689.9635940325,2121778.4508123053,-0.36411931366241995,0,363061.5674934415,220191.0659702671,191826.2323494963,155964.80291451258,0.0,31891.27684604144
2024-03-11,49093.504758141295,22240.118634598275,45103.201773829336,30232.527987223817,12674.669765360055,16964.802173263444,2149796.8244184363,1761921.4071562332,-2.8949715532293467,0,263462.0174274606,106642.3792739233,143233.23949127062,87448.40302944915,0.0,61932.89195993395
2024-03-18,123874.43421890413,66255.02410215333,83462.66043757921,85648.69941727494,25312.318170646464,20723.89036929932,3704138.0331161595,1874861.1916575157,-1.2749650848932401,0,477120.81001174054,251052.31241022903,273186.1771350131,259328.95035794616,0.0,121644.3723306112
2024-03-25,0.0,0.0,30668.718807408997,21088.651969589795,16600.666628234296,23896.41156013593,1869958.332316659,1733637.0941958702,-1.9992464105334968,0,241247.6273083339,57172.81939083441,131370.84024287233,91089.06969489138,0.0,74493.00249880306
2024-04-01,59463.09982912389,32736.78578437486,0.0,37282.84686583095,17323.748767339745,0.0,2028508.2749914133,1740224.2194561227,-1.378422787757937,0,282071.9860888161,90324.05972595442,86619.46843131725,96667.93580071366,0.0,24337.04243461302
2024-04-08,0.0,48604.87827606451,26572.383039953136,0.0,23452.252223899228,0.0,1989949.9396309261,1768537.7579855782,-0.5916055293108439,0,254072.78414622162,129373.46159656096,99598.49459480861,39553.20302027118,0.0,4123.371927721085
2024-04-15,0.0,103852.81451100609,0.0,20743.754624929326,45041.790764554426,0.0,1409254.3174620327,1809134.634692817,0.2530640270436978,0,153531.54187164502,142420.93114846153,31690.57125449975,27471.603369825334,0.0,436.9020895454704
2024-04-22,162784.57873835778,0.0,46558.242882013015,76577.56159957412,57481.38901214788,22003.395960029004,2721679.588790791,1829303.1092284147,0.8472662797063634,0,378984.3316444664,127999.7244925105,149428.83225459687,150452.7001679637,0.0,86977.69377158816
2024-04-29,0.0,44562.70303936683,31717.114643665518,0.0,34610.965941558126,22719.621109803735,2723933.210965918,1722307.1725870417,0.1964075385327864,0,360338.53592423396,162035.9499979877,155771.88922465753,64340.386513088735,0.0,105274.71112741802
2024-05-06,0.0,0.0,85956.55177257418,37341.10969013567,43797.78352660948,15449.671632736543,2208217.1613891223,1815931.607173533,1.3844300629840527,0,265892.3468905894,48316.69589678699,181668.46002202804,71965.90748162613,0.0,75425.24568243731
2024-05-13,60895.76352552087,34633.90800766335,0.0,42410.201263428426,44178.8925074497,28898.803257118674,2467184.4446032,1698889.802073414,0.5458676134024939,0,317333.22795734135,102580.27656009865,130362.26705334443,99220.2702136021,0.0,107516.26773633983
2024-05-20,69203.37428594937,0.0,22392.385159616602,112037.76916204125,45675.68536913508,25714.1728801136,2737795.022386684,1701540.0646553156,0.8282482339697802,0,360828.00927491457,33855.626569782675,129215.30229070857,254798.7576365137,0.0,115582.44505593728
2024-05-27,0.0,41302.41417037766,33718.36611460503,0.0,23069.94418641551,21983.403517725965,2938239.9247968923,1551877.949796875,-0.44374171027605713,1,356369.5512289044,131995.8012106475,163549.5355290033,130648.18886442308,0.0,119736.603191167
2024-06-03,86948.80913614848,0.0,13795.234418726992,46764.86644909213,30375.03402329142,0.0,2057492.4147961894,1449408.9104469502,-1.2909340837559495,0,295799.2338050594,30666.48268500886,91608.48259584642,109669.78924390551,0.0,25591.714745285764
2024-06-10,52504.81637741206,32165.55999134527,26827.68173820261,35919.893005768565,29613.38899749491,0.0,1602957.7374060156,1411671.542123875,-1.388083924597943,0,227947.3598839762,60439.63765802103,79533.44080896713,76334.23186316535,0.0,3304.068057039591
2024-06-17,146276.55998047933,0.0,64450.00691096328,35169.34660645867,36144.31077704614,12546.98843991776,1568014.356665552,1484126.4139515103,-0.13944966691315244,1,234801.6553963822,16926.526010847796,114324.09421458986,67746.34541005814,0.0,33238.55356842136
2024-06-24,0.0,48743.591831127625,18799.647989869874,41799.36191120185,34331.33058620851,15819.442051931,2120082.037850846,1477410.3555683282,0.28904912893770773,0,290876.32509281184,106611.41482240199,120136.85982989454,95561.94343587357,0.0,61371.559331878234
2024-07-01,0.0,0.0,25025.870263414756,20638.716088620087,23386.256008721048,12351.88465068934,1540476.7313051037,1246337.5872282698,-0.5484148966675901,1,205822.81657301288,27461.690156850487,86257.20827222265,52242.50815311316,0.0,43659.11779678247
2024-07-08,89711.43431615301,32055.921853078027,0.0,0.0,28622.018763551052,37567.43331221501,1489748.201993123,1331955.3507404528,-0.11108375013692769,0,216489.66589835554,58144.33758891374,38935.97289068682,19639.00773626516,0.0,74556.84289413088
2024-07-15,0.0,72350.58651077517,62823.98430829273,0.0,29219.725855908197,14763.287335904331,1633731.7339893298,1309415.4464441577,0.43875039306953467,0,204830.18712480532,123122.12495883672,109318.26083973683,7643.681842176349,0.0,58952.96416611067
2024-07-22,128099.66545107281,77200.23004298178,0.0,48012.03932927909,24873.682065737223,20467.915684275027,1740255.1043699612,1187657.3757040966,-0.2446159108385579,0,243980.00339461508,148088.15365097325,62587.26146012669,43765.37430080836,0.0,63907.197268245385
2024-07-29,87481.28127227796,116207.85171904083,23102.491667375107,18038.033995266767,21305.47437644803,47036.53430081922,1298499.093453705,1065893.7287381066,-1.0109162972666714,0,179364.2609585702,125220.79814140545,51721.90388409999,24738.804879350726,0.0,64700.717101297974
2024-08-05,0.0,0.0,0.0,0.0,17826.679395620395,0.0,1247040.0058971397,1020855.9958872696,-0.6291455099979723,0,181716.40731691482,78774.30002227028,23573.329674525154,10173.004917162983,0.0,28745.20552085013
2024-08-12,0.0,63194.98083587665,0.0,23230.057240606217,29729.102046603417,13375.545542270565,1335324.9078052493,1001090.8750652251,0.16715777129677925,0,174293.71195693282,107943.59531605807,8636.620192098191,18493.611449625023,0.0,37606.165613106146
2024-08-19,0.0,0.0,16773.047005144974,34570.85220112515,25366.769176738555,0.0,1162117.4582009325,971561.9741484362,0.7497373971849077,0,136664.07692060567,41861.72847076025,28774.079567293855,30847.756657975235,0.0,7427.897702771753
2024-08-26,77285.79094832239,38595.04252056967,36992.27696147727,42665.565383646615,33684.91865213091,20138.520775311277,1700559.913222565,881361.6987333169,0.0882632274715964,0,221019.8930783662,84437.02275005222,85346.73101198804,60942.17336315243,0.0,55006.13929434862
2024-09-02,69574.90117594322,109459.11659580303,33916.59351208356,35785.37935689604,29715.14966129848,23213.047715862143,1139168.3767119884,880882.886334959,0.8318806114263897,1,146417.47967568203,101091.99575931727,60666.84984715363,40360.98352253084,0.0,42229.32807300388
2024-09-09,119022.12756897196,0.0,45622.386303673484,30056.58395182442,36960.449001221285,15587.148755762535,1463827.6117037258,898944.6934744669,1.6216807714629562,0,208419.41431237163,69524.3610594629,94145.68465915255,49296.641715338075,0.0,48228.61663253593
2024-09-16,80444.0055644745,38447.756903596004,16243.560943330682,59224.46578654684,25474.834526712744,17077.99035438332,1088717.751773181,784535.4759353058,-0.5714227469873778,0,154106.9507140342,57772.23562448807,53754.550601875155,57063.006899020125,0.0,35485.193028507005
2024-09-23,0.0,0.0,0.0,0.0,24477.80454454478,0.0,989703.2230052125,813047.5776073965,-0.316087715851565,0,150132.39047707082,20529.19641618917,25665.81858998023,24536.024742574577,0.0,9073.721916098912
2024-09-30,0.0,72906.67642641196,16083.543801097225,23889.433090034734,19475.5142500349,0.0,1224683.7109473327,834793.9998195805,-0.6243040706041536,0,160463.2111374938,93497.33824447803,37345.553968790504,28691.988095579025,0.0,1724.842060859014
2024-10-07,0.0,0.0,0.0,46002.92894453797,23527.319219528013,31248.874803315855,1405847.0241151536,912697.931830844,-0.24239954732535024,0,160506.4321311984,44215.205508303276,16452.50689255423,56777.508871085854,0.0,63778.23775948203
2024-10-14,0.0,111257.40159224186,0.0,19812.90832009713,18565.716383096158,80666.93413079075,1255884.5370938515,983550.6856417698,-0.37585194895352947,1,108174.80416202644,120099.51441695976,4571.8418824612,35463.3814238241,0.0,78506.28453404279
2024-10-21,0.0,27183.467176667702,72330.61454564221,0.0,15840.253636612366,30482.259698469807,1628946.444033309,1010937.3655866992,-1.477253256703881,0,102758.35797478256,116776.1483832682,116093.47282700286,17857.73676493978,0.0,89356.16033581158
2024-10-28,0.0,35256.996290458716,0.0,0.0,24074.8525279438,53050.941801889334,1716793.681984797,1180717.2938816072,-0.5375387588897977,0,78074.30137798381,116121.54690142357,72438.17793001112,7452.540907777126,0.0,107874.92547707491
2024-11-04,80321.07896932225,0.0,0.0,22064.142386481944,32170.020001246576,21464.01785761079,2705713.0697313575,1379675.3043665865,0.39935883850017556,0,344584.0586245779,65063.64396283543,45671.77358119805,29147.355926363,0.0,137440.5536535708
2024-11-11,0.0,29825.506203463756,28135.53318060129,17943.374029987015,32441.539236177316,66905.35274332306,2925235.880341263,1528668.2379332893,0.5000344679374435,1,294939.7805918166,115275.55799803727,122447.34963011516,35862.11481393661,0.0,182093.3870332049
2024-11-18,0.0,0.0,0.0,0.0,33381.15097447689,71219.98796253264,1416526.4321189048,1592036.7081371746,-0.33666986333518756,0,118074.59469285439,17944.090026030815,26433.0518093207,7034.390329066205,0.0,99470.51624393355
2024-11-25,134728.95708929122,115571.18790737828,0.0,27741.034274647132,18352.793958004968,53242.96439507318,2840034.399863744,2268422.0988986185,-0.8250054988192485,1,389346.06309342483,258479.90187269618,15380.557522571096,36888.7468884456,0.0,165075.95950459273
2024-12-02,136562.31625998925,54669.15950676836,0.0,58584.67884888006,22492.777428927257,16426.56045517775,2564838.961684301,2001556.688012606,0.8492507962470279,0,373819.04973706236,211296.8433193925,4297.146553875892,101740.59822714145,0.0,112148.40949017298
2024-12-09,79795.8585351296,0.0,63066.942511407164,82072.79302036957,27159.228089986784,81191.20392900723,3761561.6805414697,2141045.750809786,0.8891758460599591,0,515457.77643661713,132185.065988764,218665.39589455398,260285.02626413724,0.0,210064.60400781097
2024-12-16,0.0,0.0,34966.484756072154,0.0,19682.124827747357,84801.31734077343,3071897.5540426974,2200492.5729988655,0.4277814984665394,0,426278.83673049224,34521.89912883841,191164.94959778737,99843.69495019727,0.0,190056.95135890803
2024-12-23,242418.51960435274,62733.076892399025,30392.039127678727,66613.8629612754,12677.848112521055,55122.68049774473,6795449.841231455,2828833.110272603,0.14445438280271058,1,955994.1994661062,393388.4237844119,370945.4815681412,366803.4061585875,0.0,368962.0782991059
